vehicle_name,access_token,device_id,profile_id,battery_chemistry,capacity_ah,nominal_voltage
ETRIKE_01,tkdu0y80b9jh2onqsfhz,cee824c0-5269-11f1-9f10-bf594fe4b59b,4,LiFePO4,20,72
ETRIKE_03,svzww8ae57lkcxb5gi4u,265a99e0-54bd-11f1-9f10-bf594fe4b59b,6,LiFePO4,20,72
ETRIKE_04,7jtb65w8we2dmexoqajj,0c14d400-54c8-11f1-9f10-bf594fe4b59b,1,LiFePO4,20,72
ETRIKE_05,Ba83aPeH7dQ82m93afPH,940c3940-5b01-11f1-b2ff-93d86d50ae55,1,LiFePO4,20,72
ETRIKE_06,SwM0FiMAYOw9Ek7fFtOw,79a84450-5e3e-11f1-aae9-93d86d50ae55,1,LiFePO4,20,72
ETRIKE_07,zciwlxfzof72tb4mb75z,6c769410-6ec1-11f1-82f3-93d86d50ae55,2,LiFePO4,20,72
ETRIKE_08,Ahy6oUjj6AYNJxoi4jfl,75c7d510-6ec1-11f1-82f3-93d86d50ae55,2,LiFePO4,20,72
ETRIKE_09,4o6RMWIP8qelBJATUjI3,7de59f20-6ec1-11f1-82f3-93d86d50ae55,2,LiFePO4,20,72
ETRIKE_10,W479XPX6cQDL657fatmr,849d7090-6ec1-11f1-82f3-93d86d50ae55,3,LiFePO4,20,72
ETRIKE_11,PA3QyTd5ka5kNWNqWinr,89906080-6ec1-11f1-82f3-93d86d50ae55,3,LiFePO4,20,72
ETRIKE_12,ZCE7SoyeDo2HEdLYDV3a,8e8fac80-6ec1-11f1-82f3-93d86d50ae55,3,LiFePO4,20,72
ETRIKE_13,zCwYzgvxXAwdwakG7blq,93711040-6ec1-11f1-82f3-93d86d50ae55,4,LiFePO4,20,72
ETRIKE_14,kc1TQrPF5Egvmty5h1BG,997dd4a0-6ec1-11f1-82f3-93d86d50ae55,4,LiFePO4,20,72
ETRIKE_15,bJ3ciofazGkE72tULP5W,9fb68b00-6ec1-11f1-82f3-93d86d50ae55,4,LiFePO4,20,72
ETRIKE_16,xKU7LDYhNIgTmy576Br9,a41b1da0-6ec1-11f1-82f3-93d86d50ae55,5,LiFePO4,20,72
ETRIKE_17,Z8J1ovukXOmn0rt3JfDU,a8cdf750-6ec1-11f1-82f3-93d86d50ae55,5,LiFePO4,20,72
ETRIKE_18,6rOWQ8P7Uhhdn4P7fypK,ad34d3e0-6ec1-11f1-82f3-93d86d50ae55,5,LiFePO4,20,72
ETRIKE_19,53tmTRM8zylwvL1aGaCC,b2d282c0-6ec1-11f1-82f3-93d86d50ae55,6,LiFePO4,20,72
ETRIKE_20,nisJSbUUeUWZkxMdpHOt,b800f510-6ec1-11f1-82f3-93d86d50ae55,6,LiFePO4,20,72
ETRIKE_21,GOzNT5MOTex8WuJwM0Fu,bc954a40-6ec1-11f1-82f3-93d86d50ae55,6,LiFePO4,20,72
ETRIKE_22,aR8FQtNB5zAysJCNG7Wd,c0bb7450-6ec1-11f1-82f3-93d86d50ae55,7,LiFePO4,20,72
ETRIKE_23,hiRji0GHKHpjVxD9YR0K,c4f26740-6ec1-11f1-82f3-93d86d50ae55,7,LiFePO4,20,72
ETRIKE_24,qbwXZCjW6tWBSYAxlMTj,c9d3cb00-6ec1-11f1-82f3-93d86d50ae55,7,LiFePO4,20,72
ETRIKE_25,ujm6kxNUN9u4soTTd5VZ,cdec6080-6ec1-11f1-82f3-93d86d50ae55,8,LiFePO4,20,72
ETRIKE_26,1qSgsbHeoV8aDfctA3VK,d2aea380-6ec1-11f1-82f3-93d86d50ae55,8,LiFePO4,20,72
ETRIKE_27,QvTAfIFlBzT62FDftks0,69f97670-b26a-11f1-b7ea-7d2606497c7b,8,LiFePO4,20,72
ETRIKE_28,24YIdbKjwFbdWaNWI9jo,0fd9c5e0-bb3f-11f1-8e15-7d2606497c7b,4,LiFePO4,20,72
ETRIKE_29,rHHCP3F3oYY3nfPWt9iU,10280cf0-bb3f-11f1-8e15-7d2606497c7b,5,LiFePO4,20,72
ETRIKE_30,4uomNMN85TXg12rufJlh,10547420-bb3f-11f1-8e15-7d2606497c7b,6,LiFePO4,20,72
